{
  "teacher": "Qwen/Qwen3.5-35B-A3B",
  "max_new_tokens": 512,
  "max_prompt_len": 1024,
  "block_seed": null,
  "n_prompts": 60,
  "students": {
    "slowsnake/qwen35-4b-kd-v10": {
      "status": "scored",
      "kl_global_avg": 0.107326,
      "kl_per_prompt": [
        0.013123,
        0.030172,
        0.212516,
        0.018381,
        0.10962,
        0.074001,
        0.06354,
        0.019042,
        0.020492,
        0.013557,
        0.047811,
        0.152604,
        0.123631,
        0.15831,
        0.07662,
        0.222238,
        0.056448,
        0.173057,
        0.01269,
        0.115893,
        0.046074,
        0.03276,
        0.120016,
        0.098288,
        0.65854,
        0.012164,
        0.035862,
        0.177685,
        0.083897,
        0.022198,
        0.195852,
        0.174034,
        0.174051,
        0.036661,
        0.038034,
        0.009254,
        0.111147,
        0.023984,
        0.20926,
        0.173481,
        0.039326,
        0.112956,
        0.062038,
        0.067454,
        0.081782,
        0.014011,
        0.526414,
        0.009323,
        0.243712,
        0.188458,
        0.013894,
        0.137296,
        0.024597,
        0.025931,
        0.021513,
        0.020784,
        0.023262,
        0.01932,
        0.200157,
        0.460359
      ],
      "prompts_scored": 60,
      "scoring_time": 13.0,
      "load_time": 11.2,
      "early_stopped": false
    },
    "loveisgone/toanzenai_v10": {
      "status": "early_stopped",
      "kl_global_avg": 11.664625,
      "kl_per_prompt": [
        11.656573,
        12.842638,
        10.946206,
        10.475164,
        12.929897,
        11.347556,
        11.454338
      ],
      "prompts_scored": 7,
      "scoring_time": 1.4,
      "load_time": 1.6,
      "early_stopped": true
    }
  },
  "timings": {
    "vllm_startup": 0.0,
    "vllm_generation": 119.0,
    "teacher_hf_load": 12.3,
    "teacher_logits_pass": 19.8,
    "teacher_gpu_precompute": 3.6
  }
}