{
  "teacher": "Qwen/Qwen3.5-35B-A3B",
  "max_new_tokens": 512,
  "max_prompt_len": 1024,
  "block_seed": null,
  "n_prompts": 60,
  "students": {
    "slowsnake/qwen35-4b-kd-v10": {
      "status": "scored",
      "kl_global_avg": 0.086018,
      "kl_per_prompt": [
        0.046957,
        0.045772,
        0.102612,
        0.127634,
        0.050214,
        0.103149,
        0.080844,
        0.0393,
        0.060631,
        0.031708,
        0.022819,
        0.013773,
        0.012337,
        0.035655,
        0.012263,
        0.130521,
        0.109994,
        0.239185,
        0.02047,
        0.134763,
        0.286747,
        0.021791,
        0.197512,
        0.026787,
        0.026768,
        0.041032,
        0.090499,
        0.129807,
        0.31065,
        0.095047,
        0.092085,
        0.018438,
        0.084891,
        0.031794,
        0.196475,
        0.035967,
        0.043908,
        0.018635,
        0.014973,
        0.422458,
        0.15092,
        0.013263,
        0.0996,
        0.2323,
        0.141832,
        0.059323,
        0.016107,
        0.007588,
        0.085539,
        0.126079,
        0.040183,
        0.037428,
        0.331835,
        0.01852,
        0.022305,
        0.02261,
        0.020728,
        0.080203,
        0.015689,
        0.032148
      ],
      "prompts_scored": 60,
      "scoring_time": 2.5,
      "load_time": 10.1,
      "early_stopped": false
    },
    "loveisgone/toanzenai_v10": {
      "status": "early_stopped",
      "kl_global_avg": 11.421215,
      "kl_per_prompt": [
        11.375488,
        12.225811,
        11.029261,
        11.211101,
        11.254959,
        11.841864,
        11.010019
      ],
      "prompts_scored": 7,
      "scoring_time": 0.3,
      "load_time": 1.6,
      "early_stopped": true
    },
    "weedyweed/distil-fire": {
      "status": "scored",
      "kl_global_avg": 0.094913,
      "kl_per_prompt": [
        0.051032,
        0.049297,
        0.114682,
        0.152095,
        0.0504,
        0.114668,
        0.09496,
        0.045541,
        0.061393,
        0.034031,
        0.019427,
        0.015511,
        0.0132,
        0.040727,
        0.014487,
        0.140639,
        0.122621,
        0.25764,
        0.025511,
        0.142792,
        0.321543,
        0.027007,
        0.20735,
        0.029828,
        0.035026,
        0.044168,
        0.093803,
        0.139724,
        0.318585,
        0.104231,
        0.095647,
        0.022999,
        0.103744,
        0.026708,
        0.231123,
        0.045724,
        0.049735,
        0.021881,
        0.013897,
        0.436091,
        0.159948,
        0.011119,
        0.106136,
        0.256839,
        0.174291,
        0.073677,
        0.016058,
        0.007606,
        0.092084,
        0.126517,
        0.041633,
        0.040671,
        0.421212,
        0.017669,
        0.022935,
        0.030007,
        0.028757,
        0.090285,
        0.01498,
        0.032866
      ],
      "prompts_scored": 60,
      "scoring_time": 2.3,
      "load_time": 10.3,
      "early_stopped": false
    }
  },
  "timings": {
    "vllm_startup": 0.0,
    "vllm_generation": 125.2,
    "teacher_hf_load": 12.5,
    "teacher_logits_pass": 20.4,
    "teacher_gpu_precompute": 3.8
  }
}