{
  "teacher": "Qwen/Qwen3.5-35B-A3B",
  "max_new_tokens": 512,
  "max_prompt_len": 1024,
  "block_seed": null,
  "n_prompts": 120,
  "n_prompts_filtered": 0,
  "min_completion_tokens": 64,
  "students": {
    "RLStepone/distil-1": {
      "status": "scored",
      "kl_global_avg": 0.093214,
      "kl_per_prompt": [
        0.071857,
        0.00906,
        0.010681,
        0.021964,
        0.078959,
        0.050578,
        0.263148,
        0.031813,
        0.04527,
        0.185357,
        0.15614,
        0.198633,
        0.114542,
        0.122687,
        0.040668,
        0.050804,
        0.019724,
        0.062551,
        0.049504,
        0.217664,
        0.020511,
        0.204045,
        0.155284,
        0.122325,
        0.037297,
        0.15175,
        0.048648,
        0.071453,
        0.014544,
        0.041172,
        0.227773,
        0.11836,
        0.037571,
        0.48477,
        0.186309,
        0.136103,
        0.174918,
        0.012284,
        0.01244,
        0.068074,
        0.074289,
        0.252377,
        0.023053,
        0.049866,
        0.109037,
        0.00843,
        0.054318,
        0.036587,
        0.152767,
        0.015676,
        0.194832,
        0.029601,
        0.28409,
        0.13887,
        0.033454,
        0.04763,
        0.052578,
        0.169641,
        0.035012,
        0.009843,
        0.139292,
        0.010013,
        0.156168,
        0.196058,
        0.227807,
        0.016966,
        0.020694,
        0.007118,
        0.086377,
        0.019188,
        0.073472,
        0.222873,
        0.213209,
        0.09694,
        0.036149,
        0.080708,
        0.040937,
        0.156242,
        0.20027,
        0.095631,
        0.364546,
        0.046623,
        0.048864,
        0.047085,
        0.152298,
        0.040547,
        0.060202,
        0.075305,
        0.022749,
        0.056583,
        0.093407,
        0.134726,
        0.039506,
        0.045939,
        0.029131,
        0.010202,
        0.028639,
        0.042648,
        0.10996,
        0.138649,
        0.123056,
        0.095301,
        0.125365,
        0.022232,
        0.131667,
        0.039708,
        0.060332,
        0.029672,
        0.021538,
        0.117913,
        0.008079,
        0.078949,
        0.261472,
        0.10163,
        0.055639,
        0.114371,
        0.038796,
        0.092528,
        0.030646,
        0.053889
      ],
      "prompts_scored": 120,
      "scoring_time": 38.0,
      "load_time": 22.7,
      "early_stopped": false
    },
    "slowsnake/qwen35-4b-v11": {
      "status": "scored",
      "kl_global_avg": 0.092743,
      "kl_per_prompt": [
        0.073553,
        0.009093,
        0.011193,
        0.021733,
        0.0774,
        0.050809,
        0.26731,
        0.03168,
        0.044476,
        0.184628,
        0.155027,
        0.195385,
        0.114836,
        0.122809,
        0.040589,
        0.051693,
        0.019048,
        0.061982,
        0.049697,
        0.217643,
        0.020639,
        0.203126,
        0.153633,
        0.120621,
        0.037957,
        0.152706,
        0.048453,
        0.072181,
        0.014398,
        0.040718,
        0.228488,
        0.119127,
        0.037513,
        0.482209,
        0.181639,
        0.13589,
        0.174729,
        0.011868,
        0.012586,
        0.067484,
        0.074565,
        0.24989,
        0.022701,
        0.04906,
        0.108149,
        0.008153,
        0.053572,
        0.036282,
        0.151191,
        0.015187,
        0.194163,
        0.029718,
        0.281722,
        0.138002,
        0.033551,
        0.047882,
        0.052613,
        0.168455,
        0.034911,
        0.01039,
        0.138013,
        0.010166,
        0.155918,
        0.197229,
        0.227153,
        0.016401,
        0.020731,
        0.007154,
        0.086522,
        0.019318,
        0.072172,
        0.222086,
        0.202848,
        0.097062,
        0.036002,
        0.080315,
        0.041022,
        0.155455,
        0.199172,
        0.095282,
        0.363344,
        0.044913,
        0.047117,
        0.046973,
        0.152814,
        0.040976,
        0.059627,
        0.074501,
        0.023172,
        0.056607,
        0.093565,
        0.136697,
        0.03943,
        0.045525,
        0.028754,
        0.009964,
        0.02872,
        0.04241,
        0.110332,
        0.139535,
        0.12297,
        0.093206,
        0.125507,
        0.022347,
        0.129564,
        0.039724,
        0.05713,
        0.029867,
        0.021553,
        0.118182,
        0.007997,
        0.078592,
        0.259922,
        0.101533,
        0.055577,
        0.111266,
        0.039123,
        0.091757,
        0.030429,
        0.051233
      ],
      "prompts_scored": 120,
      "scoring_time": 25.6,
      "load_time": 12.4,
      "early_stopped": false
    },
    "aidonuts/punctured_vesicle_s1000_a063-v2": {
      "status": "scored",
      "kl_global_avg": 0.091654,
      "kl_per_prompt": [
        0.077461,
        0.009158,
        0.01236,
        0.021489,
        0.07491,
        0.0506,
        0.259014,
        0.032003,
        0.047817,
        0.192177,
        0.156761,
        0.196066,
        0.106924,
        0.118703,
        0.040863,
        0.045315,
        0.018684,
        0.062958,
        0.051445,
        0.214942,
        0.020312,
        0.203065,
        0.152559,
        0.119433,
        0.036873,
        0.14783,
        0.04852,
        0.070395,
        0.014624,
        0.039888,
        0.217868,
        0.113404,
        0.037188,
        0.48746,
        0.181943,
        0.133274,
        0.163366,
        0.011683,
        0.012669,
        0.068748,
        0.078684,
        0.248521,
        0.022333,
        0.047327,
        0.105044,
        0.008192,
        0.053002,
        0.036316,
        0.146303,
        0.016516,
        0.192981,
        0.028623,
        0.284119,
        0.13438,
        0.032965,
        0.046536,
        0.051796,
        0.172126,
        0.035956,
        0.009525,
        0.134654,
        0.010816,
        0.155857,
        0.194099,
        0.224947,
        0.014645,
        0.021116,
        0.007507,
        0.084735,
        0.019646,
        0.071587,
        0.220217,
        0.198035,
        0.091113,
        0.034647,
        0.081194,
        0.039701,
        0.160344,
        0.196092,
        0.095144,
        0.355443,
        0.047419,
        0.045731,
        0.046954,
        0.147291,
        0.038996,
        0.059528,
        0.074715,
        0.022201,
        0.056108,
        0.090739,
        0.13482,
        0.039335,
        0.044127,
        0.025124,
        0.010836,
        0.028098,
        0.042259,
        0.105448,
        0.139498,
        0.119982,
        0.089655,
        0.123273,
        0.02291,
        0.120742,
        0.038486,
        0.062954,
        0.030674,
        0.021828,
        0.117551,
        0.008121,
        0.080515,
        0.247706,
        0.102391,
        0.056966,
        0.112468,
        0.038331,
        0.089584,
        0.030869,
        0.050657
      ],
      "prompts_scored": 120,
      "scoring_time": 27.9,
      "load_time": 12.4,
      "early_stopped": false
    },
    "QuiteLLM/sn97-test-ver5": {
      "status": "scored",
      "kl_global_avg": 0.095334,