{
  "teacher": "Qwen/Qwen3.5-35B-A3B",
  "max_new_tokens": 512,
  "max_prompt_len": 1024,
  "block_seed": null,
  "n_prompts": 60,
  "students": {
    "aceini/q-dist": {
      "status": "scored",
      "kl_global_avg": 0.112698,
      "kl_per_prompt": [
        0.060596,
        0.112786,
        0.1372,
        0.245762,
        0.209486,
        0.081018,
        0.122722,
        0.078571,
        0.054898,
        0.106462,
        0.234773,
        0.035462,
        0.030888,
        0.470017,
        0.019795,
        0.090984,
        0.095894,
        0.046048,
        0.135753,
        0.162748,
        0.049476,
        0.038655,
        0.049117,
        0.432623,
        0.019783,
        0.085755,
        0.081047,
        0.06697,
        0.012622,
        0.054142,
        0.147113,
        0.079425,
        0.09854,
        0.031999,
        0.113209,
        0.217025,
        0.027613,
        0.202671,
        0.013979,
        0.27523,
        0.049594,
        0.125656,
        0.008143,
        0.241119,
        0.188249,
        0.138562,
        0.019905,
        0.136426,
        0.058058,
        0.026865,
        0.068453,
        0.04979,
        0.217319,
        0.016312,
        0.182518,
        0.064054,
        0.052815,
        0.131061,
        0.226092,
        0.132044
      ],
      "prompts_scored": 60,
      "scoring_time": 3.3,
      "load_time": 11.8,
      "early_stopped": false
    },
    "ddas312/Qwen3.5-4B": {
      "status": "scored",
      "kl_global_avg": 0.134936,
      "kl_per_prompt": [
        0.080274,
        0.133065,
        0.267722,
        0.273988,
        0.231532,
        0.098406,
        0.146237,
        0.085069,
        0.075139,
        0.122491,
        0.261824,
        0.060111,
        0.030031,
        0.50681,
        0.034457,
        0.11608,
        0.115109,
        0.318406,
        0.157025,
        0.18231,
        0.068878,
        0.051219,
        0.052861,
        0.542292,
        0.022549,
        0.08814,
        0.082239,
        0.059056,
        0.014281,
        0.064049,
        0.159114,
        0.090507,
        0.123047,
        0.037696,
        0.12594,
        0.232927,
        0.040791,
        0.239452,
        0.017783,
        0.27757,
        0.054774,
        0.145222,
        0.011657,
        0.188014,
        0.237731,
        0.150706,
        0.029908,
        0.162664,
        0.069664,
        0.038964,
        0.079947,
        0.050429,
        0.242254,
        0.018936,
        0.239995,
        0.076135,
        0.050134,
        0.148724,
        0.275837,
        0.137978
      ],
      "prompts_scored": 60,
      "scoring_time": 2.4,
      "load_time": 1.8,
      "early_stopped": false
    },
    "handsometiger0202/new-model": {
      "status": "early_stopped",
      "kl_global_avg": 0.15238,
      "kl_per_prompt": [
        0.103812,
        0.146212,
        0.216425,
        0.303896,
        0.244793,
        0.114707,
        0.195354,
        0.096614,
        0.070498,
        0.153687,
        0.286456,
        0.069188,
        0.03738,
        0.515193,
        0.043596,
        0.117131,
        0.120155,
        0.134493,
        0.195324,
        0.200512,
        0.071267,
        0.060093,
        0.061549,
        0.561464,
        0.02963,
        0.107829,
        0.09868,
        0.07059,
        0.018251,
        0.061352,
        0.174145,
        0.110844,
        0.149373,
        0.044968,
        0.130841,
        0.285475,
        0.050993,
        0.316292,
        0.020395,
        0.354194,
        0.06862,
        0.187669
      ],
      "prompts_scored": 42,
      "scoring_time": 1.7,
      "load_time": 4.4,
      "early_stopped": true
    },
    "askdj230/distil-qwen35-4b": {
      "status": "scored",
      "kl_global_avg": 0.11733,
      "kl_per_prompt": [
        0.061785,
        0.114944,
        0.139831,
        0.254094,
        0.208546,
        0.083623,
        0.12779,
        0.077754,
        0.054772,
        0.121083,
        0.246648,
        0.041514,
        0.03054,
        0.475197,
        0.019478,
        0.097332,
        0.098168,
        0.04988,
        0.138477,
        0.174847,
        0.053302,
        0.044168,
        0.047549,
        0.451687,
        0.020482,
        0.096349,
        0.083151,
        0.058242,
        0.013287,
        0.051975,
        0.151403,
        0.081791,
        0.103681,
        0.032147,
        0.119355,
        0.215251,
        0.028724,
        0.211655,
        0.014729,
        0.294386,
        0.049208,
        0.129293,
        0.008866,
        0.283703,
        0.203133,
        0.139532,
        0.022956,
        0.145958,
        0.05959,
        0.027708,
        0.069339,
        0.047488,
        0.225969,
        0.017798,
        0.194077,
        0.063496,
        0.05577,
        0.134328,
        0.230131,
        0.141823
      ],
      "prompts_scored": 60,
      "scoring_time": 2.3,
      "load_time": 20.4,
      "early_stopped": false
    }
  },
  "timings": {
    "teacher_cache_load": 14.0,
    "teacher_generation": 0.0,
    "teacher_logits_pass": 0.0,
    "teacher_gpu_precompute": 3.0
  }
}